parent_corpus,parent_doc_id,parent_title,parent_fiscal_year,parent_category,parent_zip_path,inner_files,inner_pdf_files,inner_hwp_files,inner_hwpx_files,inner_other_files,pdf_counted_files,pdf_error_files,pdf_pages,hwp_counted_files,hwpx_counted_files,hwp_hwpx_error_files,hwp_hwpx_pages,total_counted_files,total_pages,page_status
UOPKOFDA01_publications,uopkofda01:508:45456:FI000000004545659211:13,2016 최근경제동향,2018,경제동향,openfiscal_publications/files/06_508_경제동향/2018-01-18_45456_2016 최근경제동향.zip,12,12,0,0,0,12,0,960,0,0,0,0,12,960,counted_all_pdf_hwp_hwpx
UOPKOFDA01_publications,uopkofda01:508:45457:FI000000004545759224:13,2017 최근경제동향,2018,경제동향,openfiscal_publications/files/06_508_경제동향/2018-01-18_45457_2017 최근경제동향.zip,12,12,0,0,0,12,0,960,0,0,0,0,12,960,counted_all_pdf_hwp_hwpx
UOPKOFDA01_publications,uopkofda01:512:24788:FI000000002478822030:1,2002년도 부담금운용현황,2003,부담금운용현황,openfiscal_publications/files/09_512_부담금운용현황/2003-08-30_24788_2002년도 부담금운용현황.zip,4,0,4,0,0,0,0,0,4,0,0,566,4,566,counted_all_pdf_hwp_hwpx
UOPKOFDA01_publications,uopkofda01:512:24789:FI000000002478922031:1,2003년도 부담금운용현황,2004,부담금운용현황,openfiscal_publications/files/09_512_부담금운용현황/2004-08-25_24789_2003년도 부담금운용현황.zip,7,0,7,0,0,0,0,0,7,0,0,603,7,603,counted_all_pdf_hwp_hwpx
UOPKOFDA01_publications,uopkofda01:512:24790:FI000000002479022032:1,2004년도 부담금운용현황,2005,부담금운용현황,openfiscal_publications/files/09_512_부담금운용현황/2005-07-13_24790_2004년도 부담금운용현황.zip,4,0,4,0,0,0,0,0,4,0,0,618,4,618,counted_all_pdf_hwp_hwpx
UOPKOFDA01_publications,uopkofda01:512:24798:FI000000002479866564:1,2012년도 부담금운용현황,2013,부담금운용현황,openfiscal_publications/files/09_512_부담금운용현황/2013-05-31_24798_2012년도 부담금운용현황.zip,1,1,0,0,0,1,0,863,0,0,0,0,1,863,counted_all_pdf_hwp_hwpx
UOPKOFDA01_publications,uopkofda01:517:45451:FI000000004545159148:18,2016 예산안분석,2015,예산안분석,openfiscal_publications/files/13_517_예산안분석/2015-10-19_45451_2016 예산안분석.zip,17,15,2,0,0,15,0,2330,2,0,0,2,17,2332,counted_all_pdf_hwp_hwpx
UOPKOFDA01_publications,uopkofda01:517:45453:FI000000004545359168:19,2017 예산안분석,2016,예산안분석,openfiscal_publications/files/13_517_예산안분석/2016-10-24_45453_2017 예산안분석.zip,17,16,1,0,0,16,0,2858,1,0,0,1,17,2859,counted_all_pdf_hwp_hwpx
UOPKOFDA01_publications,uopkofda01:517:45455:FI000000004545559188:23,2018 예산안분석,2017,예산안분석,openfiscal_publications/files/13_517_예산안분석/2017-11-01_45455_2018 예산안분석.zip,22,21,1,0,0,21,0,5820,1,0,0,1,22,5821,counted_all_pdf_hwp_hwpx
UOPKOFDA01_publications,uopkofda01:517:48290:FI000000004829062612:22,2019 예산안분석,2018,예산안분석,openfiscal_publications/files/13_517_예산안분석/2018-10-31_48290_2019 예산안분석.zip,21,21,0,0,0,21,0,6790,0,0,0,0,21,6790,counted_all_pdf_hwp_hwpx
UOPKOFDA01_publications,uopkofda01:517:48292:FI000000004829262639:1,2020 예산안분석,2019,예산안분석,openfiscal_publications/files/13_517_예산안분석/2019-10-24_48292_2020 예산안분석.zip,21,21,0,0,0,21,0,5225,0,0,0,0,21,5225,counted_all_pdf_hwp_hwpx
UOPKOFDA01_publications,uopkofda01:517:50390:FI000000005039064952:2,2021 예산안분석,2020,예산안분석,openfiscal_publications/files/13_517_예산안분석/2020-11-05_50390_2021 예산안분석.zip,21,21,0,0,0,21,0,5390,0,0,0,0,21,5390,counted_all_pdf_hwp_hwpx
UOPKOFDA01_publications,uopkofda01:517:51312:FI000000005131266486:1,2022 예산안분석,2021,예산안분석,openfiscal_publications/files/13_517_예산안분석/2021-10-27_51312_2022 예산안분석.zip,18,18,0,0,0,18,0,5097,0,0,0,0,18,5097,counted_all_pdf_hwp_hwpx
UOPKOFDA01_publications,uopkofda01:517:51517:F0000000000000003919:1,2023 예산안분석,2022,예산안분석,openfiscal_publications/files/13_517_예산안분석/2022-10-31_51517_2023 예산안분석.zip,21,21,0,0,0,21,0,4965,0,0,0,0,21,4965,counted_all_pdf_hwp_hwpx
UOPKOFDA01_publications,uopkofda01:517:51585:F0000000000000004157:1,2024 예산안분석,2023,예산안분석,openfiscal_publications/files/13_517_예산안분석/2023-10-31_51585_2024 예산안분석.zip,21,21,0,0,0,21,0,5082,0,0,0,0,21,5082,counted_all_pdf_hwp_hwpx
UOPKOFDA01_publications,uopkofda01:516:51755:F0000000000000004816:1,2026 월간나라재정 6월,2026,월간나라재정,openfiscal_publications/files/12_516_월간나라재정/2026-06-26_51755_2026 월간나라재정 6월.zip,1,1,0,0,0,1,0,84,0,0,0,0,1,84,counted_all_pdf_hwp_hwpx
UOPKOFDA01_publications,uopkofda01:501:51252:FI000000005125266367:7,2021년 월간재정동향 10월호,2021,월간재정동향,openfiscal_publications/files/01_501_월간재정동향/2021-10-12_51252_2021년 월간재정동향 10월호.zip,1,1,0,0,0,1,0,95,0,0,0,0,1,95,counted_all_pdf_hwp_hwpx
UOPKOFDA01_publications,uopkofda01:501:51395:FI000000005139566660:2,2021년 월간재정동향 11월호,2021,월간재정동향,openfiscal_publications/files/01_501_월간재정동향/2021-11-16_51395_2021년 월간재정동향 11월호.zip,1,1,0,0,0,1,0,101,0,0,0,0,1,101,counted_all_pdf_hwp_hwpx
UOPKOFDA01_publications,uopkofda01:515:24781:FI000000002478121717:33,2008년도 소관별 재정사업 자율평가 보고서,2009,재정사업자율평가,openfiscal_publications/files/11_515_재정사업자율평가/2009-08-05_24781_2008년도 소관별 재정사업 자율평가 보고서/33_목차_2008년도 재정사업자율평가보고서(재정성과).zip,32,0,32,0,0,0,0,0,32,0,0,4897,32,4897,counted_all_pdf_hwp_hwpx
UOPKOFDA01_publications,uopkofda01:515:24782:FI000000002478221749:31,2009년도 소관별 재정사업 자율평가 보고서,2010,재정사업자율평가,openfiscal_publications/files/11_515_재정사업자율평가/2010-09-24_24782_2009년도 소관별 재정사업 자율평가 보고서/31_목차_2009년도 재정사업자율평가보고서(일반재정).zip,30,0,30,0,0,0,0,0,30,0,0,7714,30,7714,counted_all_pdf_hwp_hwpx
UOPKOFDA01_publications,uopkofda01:515:24783:FI000000002478321779:62,2010년도 소관별 재정사업 자율평가 보고서,2011,재정사업자율평가,openfiscal_publications/files/11_515_재정사업자율평가/2011-09-08_24783_2010년도 소관별 재정사업 자율평가 보고서/30_목차_2010년도 재정사업자율평가보고서(일반재정).zip,34,0,34,0,0,0,0,0,34,0,0,7425,34,7425,counted_all_pdf_hwp_hwpx
UOPKOFDA01_publications,uopkofda01:515:24783:FI000000002478321779:63,2010년도 소관별 재정사업 자율평가 보고서,2011,재정사업자율평가,openfiscal_publications/files/11_515_재정사업자율평가/2011-09-08_24783_2010년도 소관별 재정사업 자율평가 보고서/63_목차_2010년도 재정사업자율평가보고서(정보화).zip,27,0,27,0,0,0,0,0,27,0,0,3049,27,3049,counted_all_pdf_hwp_hwpx
UOPKOFDA01_publications,uopkofda01:515:24784:FI000000002478421840:61,2011년도 소관별 재정사업 자율평가 보고서,2011,재정사업자율평가,openfiscal_publications/files/11_515_재정사업자율평가/2011-09-28_24784_2011년도 소관별 재정사업 자율평가 보고서/30_목차_2011년도 재정사업자율평가보고서(일반재정).zip,37,0,37,0,0,0,0,0,37,0,0,8484,37,8484,counted_all_pdf_hwp_hwpx
UOPKOFDA01_publications,uopkofda01:515:24784:FI000000002478421840:62,2011년도 소관별 재정사업 자율평가 보고서,2011,재정사업자율평가,openfiscal_publications/files/11_515_재정사업자율평가/2011-09-28_24784_2011년도 소관별 재정사업 자율평가 보고서/62_목차_2011년도 재정사업자율평가보고서(정보화).zip,23,0,23,0,0,0,0,0,23,0,0,2424,23,2424,counted_all_pdf_hwp_hwpx
UOPKOFDA01_publications,uopkofda01:515:24785:FI000000002478521900:65,2012년도 소관별 재정사업 자율평가 보고서,2013,재정사업자율평가,openfiscal_publications/files/11_515_재정사업자율평가/2013-07-25_24785_2012년도 소관별 재정사업 자율평가 보고서/32_목차_2012년도 재정사업자율평가보고서(일반재정).zip,37,0,37,0,0,0,0,0,37,0,0,3284,37,3284,counted_all_pdf_hwp_hwpx
UOPKOFDA01_publications,uopkofda01:515:24785:FI000000002478521900:66,2012년도 소관별 재정사업 자율평가 보고서,2013,재정사업자율평가,openfiscal_publications/files/11_515_재정사업자율평가/2013-07-25_24785_2012년도 소관별 재정사업 자율평가 보고서/66_목차_2012년도 재정사업자율평가보고서(정보화).zip,27,0,27,0,0,0,0,0,27,0,0,696,27,696,counted_all_pdf_hwp_hwpx
UOPKOFDA01_publications,uopkofda01:515:24786:FI000000002478621964:67,2013년도 소관별 재정사업 자율평가 보고서,2014,재정사업자율평가,openfiscal_publications/files/11_515_재정사업자율평가/2014-05-27_24786_2013년도 소관별 재정사업 자율평가 보고서/18_목차_2013년도 재정사업자율평가보고서(정보화).zip,27,0,27,0,0,0,0,0,27,0,0,676,27,676,counted_all_pdf_hwp_hwpx
UOPKOFDA01_publications,uopkofda01:515:24786:FI000000002478621964:66,2013년도 소관별 재정사업 자율평가 보고서,2014,재정사업자율평가,openfiscal_publications/files/11_515_재정사업자율평가/2014-05-27_24786_2013년도 소관별 재정사업 자율평가 보고서/19_목차_2013년도 재정사업자율평가보고서(일반재정).zip,38,0,38,0,0,0,0,0,38,0,0,2827,38,2827,counted_all_pdf_hwp_hwpx
UOPKOFDA01_publications,uopkofda01:515:42109:FI000000004210958226:1,2014년도 소관별 재정사업 자율평가 보고서,2014,재정사업자율평가,openfiscal_publications/files/11_515_재정사업자율평가/2014-07-03_42109_2014년도 소관별 재정사업 자율평가 보고서.zip,40,0,40,0,0,0,0,0,40,0,0,17177,40,17177,counted_all_pdf_hwp_hwpx
UOPKOFDA01_publications,uopkofda01:515:44690:FI000000004469058289:25,2015년도 소관별 재정사업 자율평가 보고서,2015,재정사업자율평가,openfiscal_publications/files/11_515_재정사업자율평가/2015-07-07_44690_2015년도 소관별 재정사업 자율평가 보고서/01_목차_2015년도 통합재정사업평가보고서(법제처).zip,2,0,2,0,0,0,0,0,2,0,0,107,2,107,counted_all_pdf_hwp_hwpx
UOPKOFDA01_publications,uopkofda01:515:44690:FI000000004469058289:27,2015년도 소관별 재정사업 자율평가 보고서,2015,재정사업자율평가,openfiscal_publications/files/11_515_재정사업자율평가/2015-07-07_44690_2015년도 소관별 재정사업 자율평가 보고서/03_목차_2015년도 통합재정사업평가보고서(보건복지부(통합)).zip,2,0,2,0,0,0,0,0,2,0,0,1887,2,1887,counted_all_pdf_hwp_hwpx
UOPKOFDA01_publications,uopkofda01:515:44690:FI000000004469058289:34,2015년도 소관별 재정사업 자율평가 보고서,2015,재정사업자율평가,openfiscal_publications/files/11_515_재정사업자율평가/2015-07-07_44690_2015년도 소관별 재정사업 자율평가 보고서/10_목차_2015년도 통합재정사업평가보고서(원자력안전위원회).zip,2,0,2,0,0,0,0,0,2,0,0,89,2,89,counted_all_pdf_hwp_hwpx
UOPKOFDA01_publications,uopkofda01:515:44690:FI000000004469058289:41,2015년도 소관별 재정사업 자율평가 보고서,2015,재정사업자율평가,openfiscal_publications/files/11_515_재정사업자율평가/2015-07-07_44690_2015년도 소관별 재정사업 자율평가 보고서/17_목차_2015년도 통합재정사업평가보고서(해양수산부).zip,2,0,2,0,0,0,0,0,2,0,0,1155,2,1155,counted_all_pdf_hwp_hwpx
UOPKOFDA01_publications,uopkofda01:515:44690:FI000000004469058289:5,2015년도 소관별 재정사업 자율평가 보고서,2015,재정사업자율평가,openfiscal_publications/files/11_515_재정사업자율평가/2015-07-07_44690_2015년도 소관별 재정사업 자율평가 보고서/27_목차_2015년도 통합재정사업평가보고서(교육부).zip,2,0,2,0,0,0,0,0,2,0,0,881,2,881,counted_all_pdf_hwp_hwpx
UOPKOFDA01_publications,uopkofda01:515:44690:FI000000004469058289:12,2015년도 소관별 재정사업 자율평가 보고서,2015,재정사업자율평가,openfiscal_publications/files/11_515_재정사업자율평가/2015-07-07_44690_2015년도 소관별 재정사업 자율평가 보고서/34_목차_2015년도 통합재정사업평가보고서(국토교통부).zip,4,0,4,0,0,0,0,0,4,0,0,3050,4,3050,counted_all_pdf_hwp_hwpx
UOPKOFDA01_publications,uopkofda01:515:44690:FI000000004469058289:14,2015년도 소관별 재정사업 자율평가 보고서,2015,재정사업자율평가,openfiscal_publications/files/11_515_재정사업자율평가/2015-07-07_44690_2015년도 소관별 재정사업 자율평가 보고서/36_목차_2015년도 통합재정사업평가보고서(기상청).zip,2,0,2,0,0,0,0,0,2,0,0,838,2,838,counted_all_pdf_hwp_hwpx
UOPKOFDA01_publications,uopkofda01:515:44690:FI000000004469058289:17,2015년도 소관별 재정사업 자율평가 보고서,2015,재정사업자율평가,openfiscal_publications/files/11_515_재정사업자율평가/2015-07-07_44690_2015년도 소관별 재정사업 자율평가 보고서/39_목차_2015년도 통합재정사업평가보고서(농촌진흥청).zip,3,0,3,0,0,0,0,0,3,0,0,745,3,745,counted_all_pdf_hwp_hwpx
UOPKOFDA01_publications,uopkofda01:515:44710:FI000000004471058235:27,2016년도 소관별 재정사업 자율평가 보고서,2017,재정사업자율평가,openfiscal_publications/files/11_515_재정사업자율평가/2017-07-24_44710_2016년도 소관별 재정사업 자율평가 보고서/27_목차_2016년도 성과보고서(미래창조과학부).zip,1,0,1,0,0,0,0,0,1,0,0,1989,1,1989,counted_all_pdf_hwp_hwpx
UOPKOFDA03_report_documents,uopkofda03:C5670000000000000001:29,1959년 세입세출결산(1-1).zip,1959,결산>결산보고서,openfiscal_report_documents/files/결산/결산보고서/1959년 세입세출결산(1-1).zip,1,1,0,0,0,1,0,316,0,0,0,0,1,316,counted_all_pdf_hwp_hwpx
UOPKOFDA03_report_documents,uopkofda03:C5670000000000000001:25,1959년 세입세출결산(1-2).zip,1959,결산>결산보고서,openfiscal_report_documents/files/결산/결산보고서/1959년 세입세출결산(1-2).zip,1,1,0,0,0,1,0,300,0,0,0,0,1,300,counted_all_pdf_hwp_hwpx
UOPKOFDA03_report_documents,uopkofda03:C5670000000000000001:28,1959년 세입세출결산(2-1).zip,1959,결산>결산보고서,openfiscal_report_documents/files/결산/결산보고서/1959년 세입세출결산(2-1).zip,1,1,0,0,0,1,0,362,0,0,0,0,1,362,counted_all_pdf_hwp_hwpx
UOPKOFDA03_report_documents,uopkofda03:C5670000000000000001:27,1959년 세입세출결산(2-2).zip,1959,결산>결산보고서,openfiscal_report_documents/files/결산/결산보고서/1959년 세입세출결산(2-2).zip,1,1,0,0,0,1,0,306,0,0,0,0,1,306,counted_all_pdf_hwp_hwpx
UOPKOFDA03_report_documents,uopkofda03:C5670000000000000001:26,1959년 세입세출결산(2-3).zip,1959,결산>결산보고서,openfiscal_report_documents/files/결산/결산보고서/1959년 세입세출결산(2-3).zip,1,1,0,0,0,1,0,239,0,0,0,0,1,239,counted_all_pdf_hwp_hwpx
UOPKOFDA03_report_documents,uopkofda03:C5710000000000000001:88,2013회계연도 기금재무제표 2권.zip,2013,결산>결산보고서,openfiscal_report_documents/files/결산/결산보고서/2013회계연도 기금재무제표 2권.zip,1,0,1,0,0,0,0,0,1,0,0,775,1,775,counted_all_pdf_hwp_hwpx
UOPKOFDA03_report_documents,uopkofda03:C5680000000000000001:728,2017년도 중앙관서별 결산보고서(보건복지부).zip,2017,결산>결산보고서,openfiscal_report_documents/files/결산/결산보고서/2017년도 중앙관서별 결산보고서(보건복지부).zip,1,0,1,0,0,0,0,0,1,0,0,941,1,941,counted_all_pdf_hwp_hwpx
UOPKOFDA03_report_documents,uopkofda03:C5680000000000000001:729,2018년도 중앙관서별 결산보고서(교육부).zip,2018,결산>결산보고서,openfiscal_report_documents/files/결산/결산보고서/2018년도 중앙관서별 결산보고서(교육부).zip,1,0,1,0,0,0,0,0,1,0,0,425,1,425,counted_all_pdf_hwp_hwpx
UOPKOFDA03_report_documents,uopkofda03:C2320000000000000001:16,2012년도 기금운용평가보고서(사업운영).zip,2012,성과관리>기금운용평가보고서,openfiscal_report_documents/files/성과관리/기금운용평가보고서/2012년도 기금운용평가보고서(사업운영).zip,1,1,0,0,0,1,0,979,0,0,0,0,1,979,counted_all_pdf_hwp_hwpx
UOPKOFDA03_report_documents,uopkofda03:C5650000000000000001:53,2018년도 성과계획서-과학기술정보통신부.zip,2018,성과관리>성과계획서(안)(추경),openfiscal_report_documents/files/성과관리/성과계획서(안)(추경)/2018년도 성과계획서-과학기술정보통신부.zip,1,0,1,0,0,0,0,0,1,0,0,929,1,929,counted_all_pdf_hwp_hwpx
UOPKOFDA03_report_documents,uopkofda03:C5650000000000000001:52,2018년도 성과계획서-중소벤처기업부.zip,2018,성과관리>성과계획서(안)(추경),openfiscal_report_documents/files/성과관리/성과계획서(안)(추경)/2018년도 성과계획서-중소벤처기업부.zip,1,0,1,0,0,0,0,0,1,0,0,420,1,420,counted_all_pdf_hwp_hwpx
UOPKOFDA03_report_documents,uopkofda03:C5650000000000000001:51,2018년도 성과계획서-총괄편.zip,2018,성과관리>성과계획서(안)(추경),openfiscal_report_documents/files/성과관리/성과계획서(안)(추경)/2018년도 성과계획서-총괄편.zip,1,0,1,0,0,0,0,0,1,0,0,428,1,428,counted_all_pdf_hwp_hwpx
UOPKOFDA03_report_documents,uopkofda03:C5650000000000000001:58,2021년 제1회 추경성과계획서-고용노동부.zip,2021,성과관리>성과계획서(안)(추경),openfiscal_report_documents/files/성과관리/성과계획서(안)(추경)/2021년 제1회 추경성과계획서-고용노동부.zip,1,0,1,0,0,0,0,0,1,0,0,612,1,612,counted_all_pdf_hwp_hwpx
UOPKOFDA03_report_documents,uopkofda03:C5650000000000000001:55,2021년 제1회 추경성과계획서-기획재정부.zip,2021,성과관리>성과계획서(안)(추경),openfiscal_report_documents/files/성과관리/성과계획서(안)(추경)/2021년 제1회 추경성과계획서-기획재정부.zip,1,0,1,0,0,0,0,0,1,0,0,217,1,217,counted_all_pdf_hwp_hwpx
UOPKOFDA03_report_documents,uopkofda03:C5650000000000000001:56,2021년 제1회 추경성과계획서-농림축산식품부.zip,2021,성과관리>성과계획서(안)(추경),openfiscal_report_documents/files/성과관리/성과계획서(안)(추경)/2021년 제1회 추경성과계획서-농림축산식품부.zip,1,0,1,0,0,0,0,0,1,0,0,643,1,643,counted_all_pdf_hwp_hwpx
UOPKOFDA03_report_documents,uopkofda03:C5650000000000000001:57,2021년 제1회 추경성과계획서-문화체육관광부.zip,2021,성과관리>성과계획서(안)(추경),openfiscal_report_documents/files/성과관리/성과계획서(안)(추경)/2021년 제1회 추경성과계획서-문화체육관광부.zip,1,0,1,0,0,0,0,0,1,0,0,746,1,746,counted_all_pdf_hwp_hwpx
UOPKOFDA03_report_documents,uopkofda03:C5650000000000000001:54,2021년 제1회 추경성과계획서-총괄.zip,2021,성과관리>성과계획서(안)(추경),openfiscal_report_documents/files/성과관리/성과계획서(안)(추경)/2021년 제1회 추경성과계획서-총괄.zip,1,0,1,0,0,0,0,0,1,0,0,903,1,903,counted_all_pdf_hwp_hwpx
UOPKOFDA03_report_documents,uopkofda03:C2300000000000000001:599,2016년도 중앙관서별 성과보고서(미래창조과학부).zip,2016,성과관리>성과보고서,openfiscal_report_documents/files/성과관리/성과보고서/2016년도 중앙관서별 성과보고서(미래창조과학부).zip,1,0,1,0,0,0,0,0,1,0,0,1989,1,1989,counted_all_pdf_hwp_hwpx
UOPKOFDA03_report_documents,uopkofda03:C2300000000000000001:613,2018년도 성과보고서(경찰청).zip,2018,성과관리>성과보고서,openfiscal_report_documents/files/성과관리/성과보고서/2018년도 성과보고서(경찰청).zip,1,0,1,0,0,0,0,0,1,0,0,383,1,383,counted_all_pdf_hwp_hwpx
UOPKOFDA03_report_documents,uopkofda03:C2300000000000000001:614,2018년도 성과보고서(고용노동부).zip,2018,성과관리>성과보고서,openfiscal_report_documents/files/성과관리/성과보고서/2018년도 성과보고서(고용노동부).zip,1,0,1,0,0,0,0,0,1,0,0,997,1,997,counted_all_pdf_hwp_hwpx
UOPKOFDA03_report_documents,uopkofda03:C2300000000000000001:615,2018년도 성과보고서(국토교통부).zip,2018,성과관리>성과보고서,openfiscal_report_documents/files/성과관리/성과보고서/2018년도 성과보고서(국토교통부).zip,1,0,1,0,0,0,0,0,1,0,0,1558,1,1558,counted_all_pdf_hwp_hwpx
UOPKOFDA03_report_documents,uopkofda03:C2300000000000000001:616,2018년도 성과보고서(식품의약품안전처).zip,2018,성과관리>성과보고서,openfiscal_report_documents/files/성과관리/성과보고서/2018년도 성과보고서(식품의약품안전처).zip,1,0,1,0,0,0,0,0,1,0,0,695,1,695,counted_all_pdf_hwp_hwpx
UOPKOFDA03_report_documents,uopkofda03:C2300000000000000001:619,2018년도 성과보고서(중소벤처기업부).zip,2018,성과관리>성과보고서,openfiscal_report_documents/files/성과관리/성과보고서/2018년도 성과보고서(중소벤처기업부).zip,1,0,1,0,0,0,0,0,1,0,0,743,1,743,counted_all_pdf_hwp_hwpx
UOPKOFDA03_report_documents,uopkofda03:C2300000000000000001:618,2018년도 성과보고서(해양수산부).zip,2018,성과관리>성과보고서,openfiscal_report_documents/files/성과관리/성과보고서/2018년도 성과보고서(해양수산부).zip,1,0,1,0,0,0,0,0,1,0,0,979,1,979,counted_all_pdf_hwp_hwpx
UOPKOFDA03_report_documents,uopkofda03:C2300000000000000001:617,2018년도 성과보고서(행정안전부).zip,2018,성과관리>성과보고서,openfiscal_report_documents/files/성과관리/성과보고서/2018년도 성과보고서(행정안전부).zip,1,0,1,0,0,0,0,0,1,0,0,993,1,993,counted_all_pdf_hwp_hwpx
UOPKOFDA03_report_documents,uopkofda03:C2310000000000000001:389,2014년도 재정사업자율평가보고서(미래창조과학부).zip,2014,성과관리>소관별 재정사업 자율평가 보고서,openfiscal_report_documents/files/성과관리/소관별 재정사업 자율평가 보고서/2014년도 재정사업자율평가보고서(미래창조과학부).zip,1,0,1,0,0,0,0,0,1,0,0,1146,1,1146,counted_all_pdf_hwp_hwpx
UOPKOFDA03_report_documents,uopkofda03:C2310000000000000001:328,2015년도 통합재정사업평가보고서(교육부).zip,2015,성과관리>소관별 재정사업 자율평가 보고서,openfiscal_report_documents/files/성과관리/소관별 재정사업 자율평가 보고서/2015년도 통합재정사업평가보고서(교육부).zip,2,0,2,0,0,0,0,0,2,0,0,881,2,881,counted_all_pdf_hwp_hwpx
UOPKOFDA03_report_documents,uopkofda03:C2310000000000000001:321,2015년도 통합재정사업평가보고서(국토교통부).zip,2015,성과관리>소관별 재정사업 자율평가 보고서,openfiscal_report_documents/files/성과관리/소관별 재정사업 자율평가 보고서/2015년도 통합재정사업평가보고서(국토교통부).zip,4,0,4,0,0,0,0,0,4,0,0,3050,4,3050,counted_all_pdf_hwp_hwpx
UOPKOFDA03_report_documents,uopkofda03:C2310000000000000001:319,2015년도 통합재정사업평가보고서(기상청).zip,2015,성과관리>소관별 재정사업 자율평가 보고서,openfiscal_report_documents/files/성과관리/소관별 재정사업 자율평가 보고서/2015년도 통합재정사업평가보고서(기상청).zip,2,0,2,0,0,0,0,0,2,0,0,838,2,838,counted_all_pdf_hwp_hwpx
UOPKOFDA03_report_documents,uopkofda03:C2310000000000000001:268,2015년도 통합재정사업평가보고서(농촌진흥청).zip,2015,성과관리>소관별 재정사업 자율평가 보고서,openfiscal_report_documents/files/성과관리/소관별 재정사업 자율평가 보고서/2015년도 통합재정사업평가보고서(농촌진흥청).zip,3,0,3,0,0,0,0,0,3,0,0,745,3,745,counted_all_pdf_hwp_hwpx
UOPKOFDA03_report_documents,uopkofda03:C2310000000000000001:261,2015년도 통합재정사업평가보고서(법제처).zip,2015,성과관리>소관별 재정사업 자율평가 보고서,openfiscal_report_documents/files/성과관리/소관별 재정사업 자율평가 보고서/2015년도 통합재정사업평가보고서(법제처).zip,2,0,2,0,0,0,0,0,2,0,0,107,2,107,counted_all_pdf_hwp_hwpx
UOPKOFDA03_report_documents,uopkofda03:C2310000000000000001:259,2015년도 통합재정사업평가보고서(보건복지부(통합)).zip,2015,성과관리>소관별 재정사업 자율평가 보고서,openfiscal_report_documents/files/성과관리/소관별 재정사업 자율평가 보고서/2015년도 통합재정사업평가보고서(보건복지부(통합)).zip,2,0,2,0,0,0,0,0,2,0,0,1887,2,1887,counted_all_pdf_hwp_hwpx
UOPKOFDA03_report_documents,uopkofda03:C2310000000000000001:272,2015년도 통합재정사업평가보고서(원자력안전위원회).zip,2015,성과관리>소관별 재정사업 자율평가 보고서,openfiscal_report_documents/files/성과관리/소관별 재정사업 자율평가 보고서/2015년도 통합재정사업평가보고서(원자력안전위원회).zip,2,0,2,0,0,0,0,0,2,0,0,89,2,89,counted_all_pdf_hwp_hwpx
UOPKOFDA03_report_documents,uopkofda03:C2310000000000000001:280,2015년도 통합재정사업평가보고서(해양수산부).zip,2015,성과관리>소관별 재정사업 자율평가 보고서,openfiscal_report_documents/files/성과관리/소관별 재정사업 자율평가 보고서/2015년도 통합재정사업평가보고서(해양수산부).zip,2,0,2,0,0,0,0,0,2,0,0,1155,2,1155,counted_all_pdf_hwp_hwpx
UOPKOFDA03_report_documents,uopkofda03:C2310000000000000001:231,2016년도 성과보고서(미래창조과학부).zip,2016,성과관리>소관별 재정사업 자율평가 보고서,openfiscal_report_documents/files/성과관리/소관별 재정사업 자율평가 보고서/2016년도 성과보고서(미래창조과학부).zip,1,0,1,0,0,0,0,0,1,0,0,1989,1,1989,counted_all_pdf_hwp_hwpx
UOPKOFDA03_report_documents,uopkofda03:C2230000000000000001:1,2012년도 성인지예산서.zip,2012,예산>정부예산기금안,openfiscal_report_documents/files/예산/정부예산기금안/2012년도 성인지예산서.zip,1,1,0,0,0,1,0,613,0,0,0,0,1,613,counted_all_pdf_hwp_hwpx
UOPKOFDA03_report_documents,uopkofda03:C2230000000000000001:2,2013년도 성인지예산서.zip,2013,예산>정부예산기금안,openfiscal_report_documents/files/예산/정부예산기금안/2013년도 성인지예산서.zip,1,1,0,0,0,1,0,685,0,0,0,0,1,685,counted_all_pdf_hwp_hwpx
UOPKOFDA03_report_documents,uopkofda03:C2230000000000000001:3,2015년도 성인지예산서.zip,2015,예산>정부예산기금안,openfiscal_report_documents/files/예산/정부예산기금안/2015년도 성인지예산서.zip,1,1,0,0,0,1,0,893,0,0,0,0,1,893,counted_all_pdf_hwp_hwpx
UOPKOFDA03_report_documents,uopkofda03:C2190000000000000001:226,2015년도 세입세출예산안 사업별설명서(2).zip,2015,예산>정부예산기금안,openfiscal_report_documents/files/예산/정부예산기금안/2015년도 세입세출예산안 사업별설명서(2).zip,1,1,0,0,0,1,0,471,0,0,0,0,1,471,counted_all_pdf_hwp_hwpx
UOPKOFDA03_report_documents,uopkofda03:C2190000000000000001:225,2015년도 세입세출예산안 사업별설명서(3).zip,2015,예산>정부예산기금안,openfiscal_report_documents/files/예산/정부예산기금안/2015년도 세입세출예산안 사업별설명서(3).zip,1,1,0,0,0,1,0,507,0,0,0,0,1,507,counted_all_pdf_hwp_hwpx
UOPKOFDA03_report_documents,uopkofda03:C2190000000000000001:224,2015년도 세입세출예산안 사업별설명서(4).zip,2015,예산>정부예산기금안,openfiscal_report_documents/files/예산/정부예산기금안/2015년도 세입세출예산안 사업별설명서(4).zip,1,1,0,0,0,1,0,364,0,0,0,0,1,364,counted_all_pdf_hwp_hwpx
UOPKOFDA03_report_documents,uopkofda03:C2190000000000000001:223,2015년도 세입세출예산안 사업별설명서(5).zip,2015,예산>정부예산기금안,openfiscal_report_documents/files/예산/정부예산기금안/2015년도 세입세출예산안 사업별설명서(5).zip,1,1,0,0,0,1,0,345,0,0,0,0,1,345,counted_all_pdf_hwp_hwpx
UOPKOFDA03_report_documents,uopkofda03:C2190000000000000001:217,2016년도 세입세출예산사업별 설명서(Ⅲ).zip,2016,예산>정부예산기금안,openfiscal_report_documents/files/예산/정부예산기금안/2016년도 세입세출예산사업별 설명서(Ⅲ).zip,1,1,0,0,0,1,0,510,0,0,0,0,1,510,counted_all_pdf_hwp_hwpx
UOPKOFDA03_report_documents,uopkofda03:C5590000000000000001:1,2014년도 성인지 기금운용계획서.zip,2014,예산>정부예산기금안>기금운용계획안,openfiscal_report_documents/files/예산/정부예산기금안/기금운용계획안/2014년도 성인지 기금운용계획서.zip,1,1,0,0,0,1,0,263,0,0,0,0,1,263,counted_all_pdf_hwp_hwpx
UOPKOFDA03_report_documents,uopkofda03:C5570000000000000001:17,2018년도 기금운용계획안 첨부서류.zip,2018,예산>정부예산기금안>기금운용계획안,openfiscal_report_documents/files/예산/정부예산기금안/기금운용계획안/2018년도 기금운용계획안 첨부서류.zip,1,1,0,0,0,1,0,1056,0,0,0,0,1,1056,counted_all_pdf_hwp_hwpx
UOPKOFDA03_report_documents,uopkofda03:C5640000000000000001:41,2017년도 제1회 추가경정예산안 세입세출예산사업별 설명서(전체).zip,2017,예산>정부예산기금안>추가경정예산안,openfiscal_report_documents/files/예산/정부예산기금안/추가경정예산안/2017년도 제1회 추가경정예산안 세입세출예산사업별 설명서(전체).zip,1,1,0,0,0,1,0,653,0,0,0,0,1,653,counted_all_pdf_hwp_hwpx
UOPKOFDA03_report_documents,uopkofda03:C9160000000000000001:5,2013년도 지방재정연감(결산).zip,2013,지방재정,openfiscal_report_documents/files/지방재정/2013년도 지방재정연감(결산).zip,297,0,0,0,297,0,0,0,0,0,0,0,0,0,counted_all_pdf_hwp_hwpx
UOPKOFDA03_report_documents,uopkofda03:C9180000000000000001:5,2013년도 지방재정연감(예산).zip,2013,지방재정,openfiscal_report_documents/files/지방재정/2013년도 지방재정연감(예산).zip,150,0,0,0,150,0,0,0,0,0,0,0,0,0,counted_all_pdf_hwp_hwpx
UOPKOFDA03_report_documents,uopkofda03:C9160000000000000001:4,2014년도 지방재정연감(결산).zip,2014,지방재정,openfiscal_report_documents/files/지방재정/2014년도 지방재정연감(결산).zip,277,0,0,0,277,0,0,0,0,0,0,0,0,0,counted_all_pdf_hwp_hwpx
UOPKOFDA03_report_documents,uopkofda03:C9180000000000000001:4,2014년도 지방재정연감(예산).zip,2014,지방재정,openfiscal_report_documents/files/지방재정/2014년도 지방재정연감(예산).zip,150,0,0,0,150,0,0,0,0,0,0,0,0,0,counted_all_pdf_hwp_hwpx
UOPKOFDA03_report_documents,uopkofda03:C9160000000000000001:3,2015년도 지방재정연감(결산).zip,2015,지방재정,openfiscal_report_documents/files/지방재정/2015년도 지방재정연감(결산).zip,297,0,0,0,297,0,0,0,0,0,0,0,0,0,counted_all_pdf_hwp_hwpx
UOPKOFDA03_report_documents,uopkofda03:C9180000000000000001:3,2015년도 지방재정연감(예산).zip,2015,지방재정,openfiscal_report_documents/files/지방재정/2015년도 지방재정연감(예산).zip,150,0,0,0,150,0,0,0,0,0,0,0,0,0,counted_all_pdf_hwp_hwpx
UOPKOFDA03_report_documents,uopkofda03:C9190000000000000001:1,2016년도 지방자치단체 통합재정 개요(하).zip,2016,지방재정,openfiscal_report_documents/files/지방재정/2016년도 지방자치단체 통합재정 개요(하).zip,1,1,0,0,0,1,0,984,0,0,0,0,1,984,counted_all_pdf_hwp_hwpx
UOPKOFDA03_report_documents,uopkofda03:C9160000000000000001:2,2016년도 지방재정연감(결산).zip,2016,지방재정,openfiscal_report_documents/files/지방재정/2016년도 지방재정연감(결산).zip,297,0,0,0,297,0,0,0,0,0,0,0,0,0,counted_all_pdf_hwp_hwpx
UOPKOFDA03_report_documents,uopkofda03:C9180000000000000001:2,2016년도 지방재정연감(예산).zip,2016,지방재정,openfiscal_report_documents/files/지방재정/2016년도 지방재정연감(예산).zip,150,0,0,0,150,0,0,0,0,0,0,0,0,0,counted_all_pdf_hwp_hwpx
UOPKOFDA03_report_documents,uopkofda03:C9160000000000000001:1,2017년도 지방재정연감(결산).zip,2017,지방재정,openfiscal_report_documents/files/지방재정/2017년도 지방재정연감(결산).zip,275,0,0,0,275,0,0,0,0,0,0,0,0,0,counted_all_pdf_hwp_hwpx
UOPKOFDA03_report_documents,uopkofda03:C9180000000000000001:1,2017년도 지방재정연감(예산).zip,2017,지방재정,openfiscal_report_documents/files/지방재정/2017년도 지방재정연감(예산).zip,150,0,0,0,150,0,0,0,0,0,0,0,0,0,counted_all_pdf_hwp_hwpx
