source_id,source_name,year_basis,year,file_count,size_bytes,verified_size_bytes,embedded_file_count,measured_file_count,page_count,unmeasured_file_count,page_coverage_pct
publications,재정간행물,게시연도,2000,1,92289,92289,1,1,41,0,100.0
publications,재정간행물,게시연도,2001,1,73077,73077,1,1,32,0,100.0
publications,재정간행물,게시연도,2002,2,4955445,4955445,2,2,824,0,100.0
publications,재정간행물,게시연도,2003,1,1513408,1513408,4,1,566,0,100.0
publications,재정간행물,게시연도,2004,1,1288333,1288333,7,1,603,0,100.0
publications,재정간행물,게시연도,2005,2,9612343,9612343,5,2,1780,0,100.0
publications,재정간행물,게시연도,2006,2,17800863,17800863,2,2,2376,0,100.0
publications,재정간행물,게시연도,2007,3,7899948,7899948,3,3,1332,0,100.0
publications,재정간행물,게시연도,2008,2,11574031,11574031,2,2,1520,0,100.0
publications,재정간행물,게시연도,2009,36,112401116,112401116,67,36,11505,0,100.0
publications,재정간행물,게시연도,2010,34,278035274,278035274,63,34,17589,0,100.0
publications,재정간행물,게시연도,2011,129,871294595,871294595,246,129,44612,0,100.0
publications,재정간행물,게시연도,2012,3,20024413,20024413,3,3,2124,0,100.0
publications,재정간행물,게시연도,2013,69,394783976,394783976,131,69,10319,0,100.0
publications,재정간행물,게시연도,2014,71,532898647,532898647,173,71,26512,0,100.0
publications,재정간행물,게시연도,2015,148,2928378623,2928378623,175,148,55627,0,100.0
publications,재정간행물,게시연도,2016,50,203882982,203882982,66,50,8852,0,100.0
publications,재정간행물,게시연도,2017,107,1666583184,1666583184,128,107,39972,0,100.0
publications,재정간행물,게시연도,2018,128,740058068,740058068,170,128,20103,0,100.0
publications,재정간행물,게시연도,2019,134,856434752,856434752,154,134,19830,0,100.0
publications,재정간행물,게시연도,2020,131,630797043,630797043,151,130,18261,1,99.24
publications,재정간행물,게시연도,2021,115,868543564,868543564,132,115,19187,0,100.0
publications,재정간행물,게시연도,2022,116,1008563573,1008563573,136,116,20316,0,100.0
publications,재정간행물,게시연도,2023,113,1701528163,1701528163,133,112,13009,1,99.12
publications,재정간행물,게시연도,2024,129,1589910301,1589910301,129,128,13179,1,99.22
publications,재정간행물,게시연도,2025,129,1754453080,1754453080,129,129,13424,0,100.0
publications,재정간행물,게시연도,2026,41,1802928700,1802928700,41,41,4482,0,100.0
reports,재정보고서 및 문서,회계연도,1949,4,45006323,45006323,4,4,1016,0,100.0
reports,재정보고서 및 문서,회계연도,1950,3,28135281,28135281,3,3,770,0,100.0
reports,재정보고서 및 문서,회계연도,1951,10,66217950,66217950,10,10,2188,0,100.0
reports,재정보고서 및 문서,회계연도,1952,8,67291914,67291914,8,8,2033,0,100.0
reports,재정보고서 및 문서,회계연도,1953,12,116067816,116067816,12,12,4064,0,100.0
reports,재정보고서 및 문서,회계연도,1954,12,131946030,131946030,12,12,4629,0,100.0
reports,재정보고서 및 문서,회계연도,1955,15,201539091,201539091,15,15,9106,0,100.0
reports,재정보고서 및 문서,회계연도,1957,3,83778130,83778130,3,3,2506,0,100.0
reports,재정보고서 및 문서,회계연도,1958,7,105529308,105529308,7,7,3900,0,100.0
reports,재정보고서 및 문서,회계연도,1959,8,412312187,412312187,8,8,2864,0,100.0
reports,재정보고서 및 문서,회계연도,1960,11,216316506,216316506,11,11,3490,0,100.0
reports,재정보고서 및 문서,회계연도,1961,7,72027667,72027667,7,7,3228,0,100.0
reports,재정보고서 및 문서,회계연도,1962,16,83516505,83516505,16,16,3575,0,100.0
reports,재정보고서 및 문서,회계연도,1963,14,68587264,68587264,14,14,2540,0,100.0
reports,재정보고서 및 문서,회계연도,1964,8,98326625,98326625,8,8,3698,0,100.0
reports,재정보고서 및 문서,회계연도,1965,14,87377056,87377056,14,14,3888,0,100.0
reports,재정보고서 및 문서,회계연도,1966,12,149770981,146552653,12,12,5204,0,100.0
reports,재정보고서 및 문서,회계연도,1967,16,122247665,122247665,16,16,5834,0,100.0
reports,재정보고서 및 문서,회계연도,1968,18,125008788,125008788,18,18,5914,0,100.0
reports,재정보고서 및 문서,회계연도,1969,22,122947313,122947313,22,22,5861,0,100.0
reports,재정보고서 및 문서,회계연도,1970,12,99682045,99682045,12,12,4064,0,100.0
reports,재정보고서 및 문서,회계연도,1971,10,108906645,108906645,10,10,4500,0,100.0
reports,재정보고서 및 문서,회계연도,1972,12,121502022,121502022,12,12,5731,0,100.0
reports,재정보고서 및 문서,회계연도,1973,8,95479664,95479664,8,8,3522,0,100.0
reports,재정보고서 및 문서,회계연도,1974,13,109604859,109604859,13,13,4651,0,100.0
reports,재정보고서 및 문서,회계연도,1975,13,115414433,115414433,13,13,4666,0,100.0
reports,재정보고서 및 문서,회계연도,1976,13,105022758,105022758,13,13,4667,0,100.0
reports,재정보고서 및 문서,회계연도,1977,14,90852929,90852929,14,14,4587,0,100.0
reports,재정보고서 및 문서,회계연도,1978,12,81061149,81061149,12,12,4035,0,100.0
reports,재정보고서 및 문서,회계연도,1979,13,76518143,76518143,13,13,4084,0,100.0
reports,재정보고서 및 문서,회계연도,1980,18,106922042,106922042,18,18,5946,0,100.0
reports,재정보고서 및 문서,회계연도,1981,14,78229115,78229115,14,14,4298,0,100.0
reports,재정보고서 및 문서,회계연도,1982,17,109424863,109424863,17,17,6228,0,100.0
reports,재정보고서 및 문서,회계연도,1983,13,95356122,95356122,13,13,5320,0,100.0
reports,재정보고서 및 문서,회계연도,1984,16,93909278,93909278,16,16,5056,0,100.0
reports,재정보고서 및 문서,회계연도,1985,18,102364966,102364966,18,18,5860,0,100.0
reports,재정보고서 및 문서,회계연도,1986,13,110980171,110980171,13,13,5572,0,100.0
reports,재정보고서 및 문서,회계연도,1987,19,125995443,125995443,19,19,6434,0,100.0
reports,재정보고서 및 문서,회계연도,1988,17,106424917,106424917,17,17,5610,0,100.0
reports,재정보고서 및 문서,회계연도,1989,16,124319001,124319001,16,16,6858,0,100.0
reports,재정보고서 및 문서,회계연도,1990,245,2251234866,2251234866,245,245,102705,0,100.0
reports,재정보고서 및 문서,회계연도,1991,28,180698629,180698629,28,28,8836,0,100.0
reports,재정보고서 및 문서,회계연도,1992,23,152180403,152180403,23,23,8648,0,100.0
reports,재정보고서 및 문서,회계연도,1993,18,159307276,159307276,18,18,8782,0,100.0
reports,재정보고서 및 문서,회계연도,1994,23,178278959,178278959,23,23,8612,0,100.0
reports,재정보고서 및 문서,회계연도,1995,23,193437711,193437711,23,23,8892,0,100.0
reports,재정보고서 및 문서,회계연도,1996,23,180118584,180118584,23,23,8604,0,100.0
reports,재정보고서 및 문서,회계연도,1997,22,188034227,188034227,22,22,9371,0,100.0
reports,재정보고서 및 문서,회계연도,1998,27,232913963,232913963,27,27,11192,0,100.0
reports,재정보고서 및 문서,회계연도,1999,30,210301592,210301592,30,30,11729,0,100.0
reports,재정보고서 및 문서,회계연도,2000,24,178043014,178043014,24,24,7524,0,100.0
reports,재정보고서 및 문서,회계연도,2001,25,172934610,172934610,25,25,9552,0,100.0
reports,재정보고서 및 문서,회계연도,2002,88,75422659,75422659,88,88,7686,0,100.0
reports,재정보고서 및 문서,회계연도,2003,73,73470355,73470355,73,73,6655,0,100.0
reports,재정보고서 및 문서,회계연도,2004,77,276143122,272472772,77,77,15955,0,100.0
reports,재정보고서 및 문서,회계연도,2005,32,348246356,348246356,32,32,17751,0,100.0
reports,재정보고서 및 문서,회계연도,2006,84,296486509,296486509,84,84,17279,0,100.0
reports,재정보고서 및 문서,회계연도,2007,151,580188880,580188880,151,151,31618,0,100.0
reports,재정보고서 및 문서,회계연도,2008,116,531252726,531252726,116,116,34745,0,100.0
reports,재정보고서 및 문서,회계연도,2009,268,1858979515,1858979515,268,268,68086,0,100.0
reports,재정보고서 및 문서,회계연도,2010,244,1091216402,1091216402,244,244,51879,0,100.0
reports,재정보고서 및 문서,회계연도,2011,257,1273767043,1273767043,257,257,60288,0,100.0
reports,재정보고서 및 문서,회계연도,2012,268,1450375910,1450375910,268,268,56357,0,100.0
reports,재정보고서 및 문서,회계연도,2013,332,1454968193,1454968193,777,332,72762,0,100.0
reports,재정보고서 및 문서,회계연도,2014,256,1597492966,1295511595,681,256,79197,0,100.0
reports,재정보고서 및 문서,회계연도,2015,332,5019640157,4831704476,788,331,97936,1,99.7
reports,재정보고서 및 문서,회계연도,2016,296,4528693319,4528721991,741,296,113877,0,100.0
reports,재정보고서 및 문서,회계연도,2017,302,2169469278,2169469278,725,301,99236,1,99.67
reports,재정보고서 및 문서,회계연도,2018,289,3825777720,3825777720,289,288,94100,1,99.65
reports,재정보고서 및 문서,회계연도,2019,302,4214672985,4214672985,302,302,98458,0,100.0
reports,재정보고서 및 문서,회계연도,2020,395,1443674149,1443674149,395,395,129693,0,100.0
reports,재정보고서 및 문서,회계연도,2021,317,2274691170,2274691170,317,317,112124,0,100.0
reports,재정보고서 및 문서,회계연도,2022,349,954434316,954434316,349,349,75179,0,100.0
reports,재정보고서 및 문서,회계연도,2023,271,745098756,745098756,271,271,59347,0,100.0
reports,재정보고서 및 문서,회계연도,2024,774,2374767968,2374767968,774,774,80532,0,100.0
reports,재정보고서 및 문서,회계연도,2025,84,217806827,217806827,84,84,21085,0,100.0
reports,재정보고서 및 문서,회계연도,2026,133,238340468,238340468,133,133,39176,0,100.0
reports,재정보고서 및 문서,회계연도,2027,1,569243,569243,1,1,80,0,100.0
